K2CallSign,OfficialCallSign,QTH,DMR_ID
"–ë–æ—Ä—â","UR3QRX","–ß–µ—Ä–µ–ø–∞–Ω–æ–≤–∞ –≥–æ—Ä–∞","null"
"–ï–º—ñ","UT3USZ","–ë–∞–≥—Ä–∏–Ω–æ–≤–∞ –≥–æ—Ä–∞","2550607"
"Test","null","null","null"
"139","UR4USD","–º. –í–∏—à–Ω–µ–≤–µ","null"
"539","UT3UUN","–º.–í–∞—Å–∏–ª—å–∫—ñ–≤—Å—å–∫–∞","2550637"
"–ú–∞–º–∞–π","UR4USG","–í—ñ—Ç–∞-–ü–æ—à—Ç–æ–≤–∞","null"
"840-stealth","UR5GCQ","Obolon","2550557"
"–¢–∞—Ç–∞—Ä–∫–∞","UT3UAQ","–ö–∏–µ–≤ (–¢–∞—Ç–∞—Ä–∫–∞)","null"
"–ù—ñ–∂ üî™","null","–õ—É–∫'—è–Ω—ñ–≤–∫–∞\–•–∞—Ä–∫—ñ–≤—Å—å–∫–∞","null"
"XYZ","null","–º. –ö–∏—ó–≤, –ì–æ–ª–æ—Å—ñ—ó–≤—Å—å–∫–∏–π —Ä-–Ω.","null"
"–ë—É–¥—É–ª–∞–π","UT3UTZ","–±–æ—Ä—â–∞–≥–æ–≤–∫–∞(–∫–æ–ª—å—Ü–æ–≤–∞)","null"
"–î—ñ–≥–≥–µ—Ä","UT3UTX","–í–∏–Ω–æ–≥—Ä–∞–¥–∞—Ä","null"
"Magnus","null","–ì–∞—Ç–Ω–µ","null"
"119","UR4URX","–°–æ—Ñ—ñ—ó–≤—Å—å–∫–∞ –ë–æ—Ä—â–∞–≥—ñ–≤–∫–∞","null"
"–ù—ñ","null","–î–µ–≥—Ç—è—Ä—ñ–≤—Å—å–∫–∞","null"
"–Æ—Ç–µ–π4","null","–¢–µ—Ä–µ–º–∫–∏2 (–Ü–ø–æ–¥—Ä–æ–º)","null"
"–ñ–æ–∫–µ–π","null","–¢–µ—Ä–µ–º–∫–∏2 (–Ü–ø–æ–¥—Ä–æ–º)","null"
"–ë–∞—Ä—Å—É–∫","UT3UVU","–û—Å–æ–∫–æ—Ä–∫–∏","null"
"Fiksik","null","null","null"
"–•—Ä–æ–º–æ–ª—å","null","–ë–∞—Ç–∏—î–≤–∞ –≥–æ—Ä–∞ / –ê–∫–∞–¥–µ–º","null"
"black cat","null","–°–≤—è—Ç–æ–ø–µ—Ç—Ä—ñ–≤—Å–∫–µ","null"
"–ú–µ—Ö–∞–Ω–∏–∫","UT3UVE","–ö–∏–µ–≤, –¢—Ä–æ–µ—â–∏–Ω–∞","null"
"calabr","null","–ê–∫–∞–¥–µ–º–º—ñ—Å—Ç–µ—á–∫–æ","null"
"Inspektor","null","–û–±–æ–ª–æ–Ω—å (–î—Ä–∏–º –¢–∞—É–Ω 1)","null"
"14","null","–ö–∏—ó–≤, –ü–æ–∑–Ω—è–∫–∏","null"
"–£–¥–∞–≤","UR4USO","–ë—ñ–ª–∞ –¶–µ—Ä–∫–≤–∞","2550640"
"–ü—Ç–∞—Ö–∞","null","–í–∏–Ω–æ–≥—Ä–∞–¥–∞—Ä","null"
"–ê—Ä–≥–æ–Ω","UR4UNF","–º.–ë—É—á–∞","null"
"–ë–æ—Ç—É–ª","UT3UTF","–º. –ö–∏—ó–≤","2550575"
"–ë–ª–æ–∫–Ω–æ—Ç","UT3UUA","–ü–æ–∑–Ω—è–∫–∏. KO50HJ","null"
"–ë—É—Ä–∞–Ω","null","–†–∞–π–¥—É–∂–Ω–∞","null"
"117","UT3UTK","–î–µ–º—ñ—ó–≤—Å—å–∫–∞","2550652"
"–û–ø—Ç–∏–∫","UT3UVH","–û–±–æ–ª–æ–Ω—å (–Ω–∞–±–µ—Ä–µ–∂–Ω–∞ –±—ñ–ª—è —Ü–µ—Ä–∫–≤–∏)","null"
"Irpin","null","Irpin","null"
"24","UT5UTF","–ù–æ–≤—ñ –ü–µ—Ç—Ä—ñ–≤—Ü—ñ","2550662"
"Rius","UT3UTS","Kyiv, Left-bank Ukraine","2550604"
"–ï–Ω–æ—Ç","UT3UUE","–í–∏–Ω–æ–≥—Ä–∞–¥–∞—Ä—å","2550669"
"–î–æ–≤–∂–∏–∫","UR4USB","–ß–∞–±–∞–Ω–∏","2550671"
"–ì–µ—Ä–∫—É–ª–µ—Å","null","–ö–∞–ª–∏–Ω—ñ–≤–∫–∞ (–í–∞—Å–∏–ª—å–∫—ñ–≤)","null"
"–ú–æ–±","UT3UUL","–º. –ù–∏–≤–∫–∏","null"
"–°–∞–º–∞–Ω","null","–¢—Ä–æ—è","null"
"B–æ–ª—å—Ç","null","–º. –í–∏—à–Ω–µ–≤–µ","null"
"Stanislav","null","–ö–∏—ó–≤, –í–∏–Ω–æ–≥—Ä–∞–¥–∞—Ä","null"
"Gorodecky","null","–°–æ–ª–æ–º'—è–Ω–∫–∞","null"
"–õ—ñ–¥–µ—Ä","UT0UK","–û—Å–æ–∫–æ—Ä–∫–∏ (–î–∞—á—ñ)","2550372"
"Amator","null","null","null"
"–ö–∞–π—Ä–æ—Å","null","–º.–ü–æ–∑–Ω—è–∫–∏","null"
"–ë–µ—Ç–æ–Ω","null","–¢–¶ –ú–∞–≥–µ–ª–∞–Ω; –º.–¢–∞—Ä–∞—Å–∞ –®–µ–≤—á–µ–Ω–∫–æ","null"
"–ï–ª–µ–∫—Ç—Ä–∏–∫","null","–ö–∏—ó–≤, —Ç—Ä–æ—î—â–∏–Ω–∞","null"
"–ö–Ω—è–∑—å+","null","–°–≤—è—Ç–æ—à–∏–Ω–æ","null"
"Atlantic","UR4CTA","–ê–∫–∞–¥–µ–º –î–∞—á–Ω–∞","null"
"–°–∞–Ω—è","UR4USJ","–º.–ë–µ—Ä–µ–∑–∞–Ω—å","null"
"–û–ª–µ–∂–∞–Ω","UT3UTY","–ü—ñ–≤–¥.–ë–æ—Ä—â–∞–≥—ñ–≤–∫–∞","2550617"
"–†–∞–¥–∞—Ä","UT4UHY","–í—ñ—Ç—Ä—è–Ω—ñ –ì–æ—Ä–∏ (–í—ñ–Ω–æ–≥—Ä–∞–¥–∞—Ä) KO50FM","2550597"
"333","null","–í–æ—Ä–∑–µ–ª—å","null"
"131","UT3UPY","–ü–µ—á–µ—Ä—Å—å–∫ / –û–±—É—Ö—ñ–≤—Å—å–∫–∏–π —Ä-–Ω","2550456"
"–°–≤–æ–±–æ–¥–∞","UT3USF","–¢—Ä–æ—î—â–∏–Ω–∞","2550527"
"–ö–≤–∞–¥—Ä–∞—Ç","UR4USE","–≥.–û–±—É—Ö–æ–≤","2550593"
"1845","UT3UOK","–í–∏–Ω–æ–≥—Ä–∞–¥–∞—Ä—å","2550405"
"Reanimator","UT3UTD","–°–æ–ª–æ–º–∞","2550625"
"Spider","UR5TIV","–ü–ª–æ—â–∞ –®–µ–≤—á–µ–Ω–∫–∞","2550212"
"–ö–æ–±—Ä–∞üêç","UR4USH","–ñ–ö –°–æ—Ñ—ñ—è","2550629"
"–î–∂–∏–º—ñ","UR4USP","—Å. –í–∏—à–µ–Ω—å–∫–∏","2550634"
"212","UR5GQF","–º. –ü–æ–∑–Ω—è–∫–∏","null"
"houdini","null","null","null"
"–¢—Ä–æ–π","null","–Ω–∏–≤–∫–∏ –º. –ö–∏—ó–≤","null"
"321","null","null","null"
"–ö–ê–†–¢–ï–õ–¨","null","–õ—ñ–≤–æ–±–µ—Ä–µ–∂–Ω–∞ (–î–Ω—ñ–ø—Ä–æ–≤—Å—å–∫–∏–π —Ä–∞–π–æ–Ω)","null"
"7777","null","null","null"
"–ö—Ä–æ–ª–∏–∫","null","–ì–ª–µ–≤–∞—Ö–∞","null"
"ALF","null","–ü–æ–¥—ñ–ª","null"
"511","null","null","null"
"TOHHA","null","–í—ñ—Ç–∞-–ü–æ—à—Ç–æ–≤–∞","null"
"–õ–∏–ø–µ–Ω—å","null","–ù–∏–≤–∫–∏","null"
"–ö–æ–¥–µ—Ä","UT3UVI","–º. –ö–∏—ó–≤, –º–µ—Ç—Ä–æ –•–∞—Ä–∫—ñ–≤—Å—å–∫–∞","2550684"
"–ñ–∞–±–∞ –ø–µ–ø–µ","null","–ü–æ–∑–Ω—è–∫–∏","null"
"–ö–∞—à—Ç–∞–Ω","null","–ü—ñ–≤–¥–µ–Ω–Ω–∞ –ë–æ—Ä—â–∞–≥—ñ–≤–∫–∞","null"
"Bax (–ë–∞–∫—Å)","UR4URV","Brovary","2550638"
"Chubaka","null","–º. –ö–∏—ó–≤, –ü–æ–¥—ñ–ª—å—Å—å–∫–∏–π —Ä-–æ–Ω","null"
"WolFix","null","–ß–∞–±–∞–Ω–∏","null"
"–°–µ—Ä–≤–µ—Ä","UR7HNF","–ù–∏–≤–∫–∏","2550646"
"699","UT5URY","–ë–æ—è—Ä–∫–∞ ( —Ä-–Ω –∫–æ–º–ø—Ä–µ—Å—Å–æ—Ä–Ω–æ–π)","2550682"
"85","UR5KAC","–ß–∞–±–∞–Ω–∏","2550683"
"168","null","–º. –ü–æ–ª—ñ—Ç–µ—Ö–Ω—ñ—á–Ω–∏–π —ñ–Ω—Å—Ç–∏—Ç—É—Ç","null"
"8888","null","–ö–∏—ó–≤","null"
"–ó–æ–ª–æ—Ç–æ","null","–ú–µ—Ç—Ä–æ –°—ã—Ä–µ—Ü","null"
"xeon","UT3UVM","–î–Ω—ñ–ø—Ä–æ–≤—Å—å–∫–∏–π —Ä–∞–π–æ–Ω","2550666"
"–ú—ñ–∫—Ä–æ–±—ñ–æ–º","null","–ö–∏—ó–≤, –ø–ª.–ö–æ—Å–º–æ–Ω–∞–≤—Ç—ñ–≤","null"
"Botanika","UT3UPV","null","2550569"
"–•–∞—Å–∫–∏","UT3UUS","–û–±–æ–ª–æ–Ω—å","2550639"
"null","null","null","null"
"–¢—É—Ä–∏—Å—Ç","UT3UUY","KO50FM","2550661"
"Bereza","UR4USX","–ö–∞–ª–∏–Ω—ñ–≤–∫–∞ (–§–∞—Å—Ç—ñ–≤—Å—å–∫–∏–π —Ä-–Ω)","2550660"
"–ü–∞—Å—ñ—á–Ω–∏–∫","null","–®—É–ª—è–≤–∫–∞","null"
"–í–∞–ª","null","–ú—ñ–Ω—Å—å–∫–∏–π –º–∞—Å–∏–≤","null"
"Poligon","UT3URA","KO50","2550524"
"BERLIN","UT3UVF","–ö–∏—ó–≤","null"
"Fiber","UT3UVK","–•–∞—Ä—å–∫–æ–≤—Å–∫–∏–π","null"
"Frost","null","null","null"
"Santiago","null","null","null"
"–ö—É—Ä–∞—à","null","null","null"
"Sukhov","null","null","null"
"–ú–∞–≥–Ω—ñ—Ç","null","–ö–ü–Ü","null"
"771","NE4MAE","–í–î–ù–ì","null"
"–¶–∏—Ç–∞–¥–µ–ª—å","null","–î–µ—Å–Ω—è–Ω—Å—å–∫–∏–π —Ä-–Ω","null"
"Husker","null","Obolon","null"
"–¢–µ—Ö–Ω—ñ–∫","UT3UUG","–Ü–Ω—Å—Ç–∏—Ç—É—Ç –≥–∞–∑—É, –≤—É–ª.–î–µ–≥—Ç—è—Ä—ñ–≤—Å—å–∫–∞","2550633"
